원문	한국어	글자수	갈래	근거	확신도	비고
Adams	애덤스	3	영어권	영어 성 Adams 국내 통용 표기	확실	
Adri	아드리	3	스페인어	Adrián 애칭, 선례 Adrian→아드리안	확실	⚠겹침: 절14의 기존 Adry→아드리와 같은 한국어
Adria	아드리아	4	바스크·카탈루냐	카탈루냐 Adrià	확실	
Agus	아구스	3	스페인어	Agustín 애칭, gu=ㄱ	확실	
Aizpeolea	아이스페올레아	7	바스크·카탈루냐	바스크 성, 바스크 z=ㅅ	확실	길이 7 초과
Aka	아카	2	핸들·조어	스페인어 음가 그대로	확실	
Albert	알베르트	4	바스크·카탈루냐	카탈루냐 Albert(어말 t 발음)	갈림	프랑스식 알베르는 기존 Alber→알베르와 겹쳐서 안 썼다. 영어식이면 앨버트
Alexsanz	알렉산스	4	스페인어	Alex+Sanz(성), 스페인어 z=ㅅ	확실	
Ali	알리	2	핸들·조어	스페인어 음가	확실	
Alicates	알리카테스	5	농담·사물	'펜치'지만 규칙 5로 음역	확실	
Amalia	아말리아	4	스페인어	스페인어 음가	확실	
Amiama	아미아마	4	바스크·카탈루냐	이베리아계 성	확실	
Anabel	아나벨	3	스페인어	스페인어 음가	확실	
Angel	앙헬	2	스페인어	Ángel, g+e=ㅎ. 선례 Sergio→세르히오	확실	
Anto	안토	2	스페인어	Antonio 애칭	확실	
Anudora	아누도라	4	핸들·조어	스페인어 음가	확실	
Apoda	아포다	3	핸들·조어	스페인어 apodar 계열, 음가 그대로	확실	
Aquoth	아쿠오스	4	핸들·조어	qu+o=ㅋ+우, 어말 th는 영어 음가 ㅅ	갈림	후보 아쿠오트(스페인어식 th=ㅌ)
Arkerion	아르케리온	5	핸들·조어	스페인어 음가, k=ㅋ	확실	
Arnaldo	아르날도	4	스페인어	스페인어 음가	확실	
Arnau	아르나우	4	바스크·카탈루냐	카탈루냐 Arnau	확실	
Auron	아론	2	대중문화	파이널 판타지 X의 캐릭터. 나무위키 표제어가 「아론(파이널 판타지 X)」이고 일본어 원명이 アーロン이다	확실	유지자 판정 2026-08-17: 파이널 판타지 통용 표기로 확정
Bagliona	바글리오나	5	핸들·조어	스페인어 gli=글리	확실	
Balsa	발사	2	농담·사물	'뗏목'이나 규칙 5로 음역	확실	
Barb	바브	2	대중문화	영어 애칭 Barb	갈림	무엇의 차용인지 불확정. 절3에 BARB는 원문 유지 판정이 따로 있음
Batichico	바티치코	4	대중문화	Bati(배트맨의 스페인어 접두)+chico를 음역	확실	
Bombabarros	봄바바로스	5	농담·사물	bomba+barros, 규칙 5로 음역	확실	
Brillantet	브리얀테트	5	핸들·조어	카탈루냐 지소형. ll은 yeísmo(세비야·마요르카 선례)	확실	
Burbu	부르부	3	핸들·조어	burbuja 축약, 스페인어 음가	확실	
Buxter	북스테르	4	핸들·조어	규칙 4 기본값 스페인어, x=ㄱㅅ	갈림	영어 Baxter 연상이면 벅스터
Cacharro	카차로	3	농담·사물	'고물', 규칙 5로 음역. ch=ㅊ	확실	
Caderita	카데리타	4	농담·사물	'작은 엉덩이', 규칙 5로 음역	확실	
Caesakun	카에사쿤	4	핸들·조어	스페인어 음가+일본어 접미 -kun	확실	
Cantimplora	칸팀플로라	5	농담·사물	'수통', 규칙 5로 음역	확실	
Carlitxs	카를리치스	5	핸들·조어	Carlitos의 카탈루냐식 철자, tx=ㅊ	갈림	후보 카를릿스
Casareno	카사레노	4	핸들·조어	스페인어 음가	확실	
Chris	크리스	3	영어권	영어 통용	확실	
Conan	코난	2	대중문화	국내 통용 코난(규칙 7)	확실	
Cook	쿡	1	영어권	영어 성 Cook 통용	확실	
Cotao	코타오	3	핸들·조어	스페인어·갈리시아 음가	확실	
Crow	크로우	3	핸들·조어	규칙 4, 낱말이 명백한 영어 crow	확실	
Dana	다나	2	영어권	영어·스페인어 공통 다나	확실	
Dandy	댄디	2	핸들·조어	규칙 4, 명백한 영어 dandy	확실	
Danimone	다니모네	4	핸들·조어	Dani+mone, 스페인어 음가	확실	
Darcko	다르코	3	핸들·조어	슬라브계 이름 Darko와 스페인어 음가가 같은 결과다	확실	
David	다비드	3	스페인어	스페인어 David	확실	
Deinobra	데이노브라	5	핸들·조어	Deino+obra, ei=에이	확실	
Deivako	데이바코	4	핸들·조어	스페인어 음가, v=ㅂ	확실	
Delo	델로	2	핸들·조어	스페인어 음가	확실	
Dici	디시	2	핸들·조어	스페인어 c+i=ㅅ	확실	
Dixpler	딕스플레르	5	핸들·조어	스페인어 x=ㄱㅅ	확실	
Dobleboa	도블레보아	5	핸들·조어	doble+boa, 스페인어 음가	확실	
Dudu	두두	2	핸들·조어	스페인어 음가	확실	
Einheriar	에인헤리아르	6	신화·전설	북유럽 신화 Einherjar(발할라의 전사들)의 국내 통용 표기	확실	길이 6 초과
Elisabet	엘리사베트	5	바스크·카탈루냐	카탈루냐 Elisabet, s=ㅅ	확실	
Eloy	엘로이	3	스페인어	스페인어 음가	확실	
Emer	에메르	3	신화·전설	아일랜드 신화 얼스터 대계의 Emer(쿠 훌린의 아내)로 보인다. 이 게임에 아일랜드 신화 묶음이 이미 있다(Becuille·Bodhmall·Tlachtga·Kiamhe·Aed·Mergin). 철자대로 읽은 에메르는 스페인어 음가와도 같아 양쪽을 덮는다	갈림	한국어 위키백과 표제어는 「에버르」(ko.wikipedia.org/wiki/에버르), 나무위키 쿠 훌린 문서는 에메르. 아일랜드 계통이 아니면 스페인어 에메르
Emi	에미	2	스페인어	스페인어 애칭	확실	
Enric	엔리크	3	바스크·카탈루냐	카탈루냐 Enric	확실	
Esleyder	에슬레이데르	6	핸들·조어	중남미계 이름, 스페인어 음가 ey=에이	확실	길이 6 초과
Essu	에수	2	핸들·조어	스페인어 ss=ㅅ	확실	
Fran	프란	2	스페인어	Francisco 애칭	확실	
Frost	프로스트	4	핸들·조어	규칙 4, 명백한 영어 frost	확실	
Fumanchu	푸만추	3	대중문화	Fu Manchu의 국내 통용 푸만추	확실	
Fusi	푸시	2	핸들·조어	스페인어 음가	확실	
Galed	갈레드	3	핸들·조어	스페인어 음가	확실	
Galkrez	갈크레스	4	핸들·조어	스페인어 z=ㅅ	확실	
Garcia	가르시아	4	스페인어	García, c+i=ㅅ	확실	
Garliwis	가를리위스	5	핸들·조어	스페인어 음가, wi=위	확실	
Gatopelos	가토펠로스	5	농담·사물	gato+pelos, 규칙 5로 음역	확실	
Geronimo	헤로니모	4	스페인어	Gerónimo, g+e=ㅎ. 선례 Sergio→세르히오	확실	
Gojira	고지라	3	대중문화	국내 통용 고지라(규칙 7)	확실	
Guti	구티	2	스페인어	gu+i=ㄱ. 선례 Miguel→미겔	확실	
Gustave y Sophia	구스타브와 소피아	8	2인조	Gustave는 프랑스계 철자(선례 Olivier→올리비에). 앞말 무받침이라 「와」	확실	2인조라 길이 9
Hanzo	한조	2	대중문화	일본 이름 한조의 국내 통용	확실	
Harckal	하르칼	3	핸들·조어	h를 ㅎ로 적는 선례(Hibis→히비스, Hisopo→히소포)	갈림	묵음 원칙대로면 아르칼
Helix	헬릭스	3	핸들·조어	규칙 4, 명백한 영어 helix	확실	
Hellfire	헬파이어	4	핸들·조어	규칙 4, 명백한 영어 hellfire	확실	
Isma	이스마	3	스페인어	Ismael 애칭	확실	
Izan	이산	2	스페인어	스페인어 z=ㅅ	확실	
Jade	제이드	3	영어권	프랑스 여자 이름 Jade를 프랑스식으로 읽었다(유지자 판정 2026-08-17의 프랑스 우선 규칙)	갈림	유지자 판정 2026-08-17: 프랑스식 자드 대신 통용 제이드. 영어식이면 제이드, 스페인어식이면 야데. 국내 인지도는 제이드 쪽이 훨씬 높다
Javi	하비	2	스페인어	스페인어 J=ㅎ. 선례 Jorge→호르헤	확실	⚠겹침: 기존 Harvey→하비와 같은 한국어. 유지자 판정 2026-08-17: 겹침 허용
Joel	호엘	2	스페인어	스페인어 J=ㅎ	확실	
Jopis	호피스	3	핸들·조어	스페인어 J=ㅎ	확실	
Joseph	조셉	2	영어권	영어 이름의 국내 통용 조셉	확실	유지자 판정 2026-08-17: 통용 표기로 확정. 표기법대로면 조지프, 프랑스식이면 조제프
Juanma	후안마	3	스페인어	Juan+Manuel, J=ㅎ	확실	
Katherin	캐서린	3	영어권	영어 Katherine의 통용 표기	확실	
Kenzo	켄조	2	핸들·조어	일본계 이름 Kenzo의 국내 통용	갈림	브랜드 표기는 겐조, 스페인어식이면 켄소
Koaloso	코알로소	4	핸들·조어	koala+-oso, 스페인어 음가	확실	
Kreistofolo	크레이스토폴로	7	핸들·조어	스페인어 음가, ei=에이	확실	길이 7 초과
Kus	쿠스	2	핸들·조어	스페인어 음가	확실	
Kyo	쿄	1	대중문화	일본 이름 쿄의 국내 통용	확실	
Langost	랑고스트	4	농담·사물	langosta의 잘린 꼴, 규칙 5로 음역	확실	
Leona	레오나	3	스페인어	스페인어 음가	확실	
Linkarinka	링카린카	4	핸들·조어	스페인어 음가	확실	
Liwiwis	리위위스	4	핸들·조어	스페인어 wi=위	확실	
Luca	루카	2	스페인어	스페인어·이탈리아어 공통	확실	
Lucas	루카스	3	스페인어	스페인어 음가	확실	
Macro	마크로	3	핸들·조어	스페인어 낱말 macro의 음가(규칙 4 기본값)	확실	영어로 읽으면 매크로
Marcos	마르코스	4	스페인어	스페인어 음가	확실	
Matias	마티아스	4	스페인어	Matías	확실	
Miauzan	미아우산	4	핸들·조어	miau(야옹)+zan, z=ㅅ	확실	
Miguluf	미굴루프	4	핸들·조어	스페인어 음가	확실	
Miha	미하	2	핸들·조어	슬로베니아·크로아티아 이름 Miha(Mihael 애칭)로 보면 미하. 이 게임의 h 선례도 ㅎ 쪽이 다수(Hibis→히비스, Hisopo→히소포)라 두 근거가 겹친다	확실	스페인어 조어로 보고 h를 묵음 처리하면 미아
Mikel	미켈	2	바스크·카탈루냐	바스크 Mikel	확실	
Miniverso	미니베르소	5	농담·사물	'소우주', 규칙 5로 음역. v=ㅂ	확실	
Miren	미렌	2	바스크·카탈루냐	바스크 Miren	확실	
Molina	몰리나	3	스페인어	스페인어 성	확실	
Moral	모랄	2	스페인어	스페인어 성	확실	
Morochus	모로추스	4	핸들·조어	morocho 계열, ch=ㅊ	확실	
Natania	나타니아	4	핸들·조어	히브리계 이름 Natania와 스페인어 음가가 같은 결과다	확실	
Neku	네쿠	2	대중문화	더 월드 엔즈 위드 유의 네쿠, 국내 통용	확실	
Nickorost	니코로스트	5	핸들·조어	Nick+orost, 스페인어 음가	확실	
Nix	닉스	2	핸들·조어	그리스 신화 Nyx·게르만 물의 정령 Nix·스페인어 음가가 모두 닉스로 모인다	확실	⚠겹침: 절14의 기존 Nixx→닉스와 같은 한국어
Ona	오나	2	바스크·카탈루냐	카탈루냐 Ona	확실	
Ortega	오르테가	4	스페인어	스페인어 성	확실	
Ozumas	오수마스	4	핸들·조어	스페인어 z=ㅅ	확실	
Pablosamper	파블로삼페르	6	스페인어	Pablo+Samper. 선례 Pablo→파블로	확실	길이 6 초과
Pabu	파부	2	핸들·조어	코라의 전설에 나오는 파부 차용으로 보이는데, 국내 통용 표기와 스페인어 음가가 같은 결과다	확실	
Paul	폴	1	영어권	영어 Paul 통용	확실	
Pelao	펠라오	3	농담·사물	'대머리', 규칙 5로 음역	확실	
Pepinonazo	페피노나소	5	농담·사물	pepino+-azo, 규칙 5로 음역. z=ㅅ	확실	
Pepito	페피토	3	스페인어	José 애칭	확실	
Poliedro	폴리에드로	5	농담·사물	'다면체', 규칙 5로 음역	확실	
Raagde	라아그데	4	핸들·조어	스페인어 음가	확실	
Ramiro	라미로	3	스페인어	스페인어 음가	확실	
Rannie	래니	2	영어권	영어 애칭 Rannie	갈림	스페인어로 읽으면 라니에
Ray	레이	2	영어권	영어 Ray 통용	확실	
Reno	레노	2	핸들·조어	파이널 판타지 VII의 레노 차용으로 보이는데, 국내 통용 표기와 스페인어 음가가 같은 결과다	확실	
Repo	레포	2	핸들·조어	스페인어 음가	확실	
Rodny	로드니	3	영어권	Rodney 변형, 영어 통용 로드니	확실	
Rojas	로하스	3	스페인어	스페인어 J=ㅎ	확실	
Sacroxito	사크록시토	5	핸들·조어	스페인어 x=ㄱㅅ	확실	
Salazar	살라사르	4	스페인어	스페인어 z=ㅅ	확실	
Santiago	산티아고	4	스페인어	스페인어 음가	확실	
Saren	사렌	2	핸들·조어	매스 이펙트의 사렌 차용으로 보이는데, 국내 통용 표기와 스페인어 음가가 같은 결과다	확실	
Schaz	샤츠	2	핸들·조어	독일어 Schatz 계열. 독일어 어말 z는 ㅊ으로 적는다(Mozart→모차르트, Schweiz→슈바이츠)	갈림	웹에서 이 철자의 실제 핸들은 못 찾았다. 스페인어식으로 끊어 읽으면 스차스
Seara	세아라	3	바스크·카탈루냐	갈리시아계 성	확실	
Seph	세프	2	핸들·조어	Sephiroth 축약, 스페인어·영어 공통 세프	확실	
Simone y Philip	시몬과 필립	5	2인조	프랑스식으로 읽어 Simone=시몬. 앞말 받침 ㄴ이라 조사는 「과」	확실	유지자 판정 2026-08-17: 갈리면 프랑스식(칼로스가 프랑스 배경). 이탈리아·스페인식이면 「시모네와 필립」
Smigol	스미골	3	대중문화	반지의 제왕 Sméagol의 국내 통용 스미골(규칙 7)	확실	
Sopa	소파	2	농담·사물	'수프'지만 규칙 5로 음역	확실	한국어 낱말 소파(가구)와 동음
Splinter	스플린터	4	대중문화	닌자 거북이의 스플린터, 국내 통용	확실	
Susana	수사나	3	스페인어	스페인어 s=ㅅ	확실	
Tab	탭	1	핸들·조어	영어 낱말 tab	갈림	스페인어식이면 타브
Tecnowolf	테크노울프	5	핸들·조어	tecno는 스페인어, wolf는 명백한 영어(규칙 4)	확실	
Thornz	손즈	2	핸들·조어	영어 thorn+z. th=ㅅ, 어말 [z]=즈(외래어 표기법 영어 세칙)	갈림	웹에서 이 철자의 실제 핸들은 못 찾았다. 철자대로 읽으면 토른즈
Thyraxes	티락세스	4	핸들·조어	그리스·페르시아계 어미 -xes(크세르크세스·아르타크세르크세스) 방식과 스페인어 음가가 같은 결과를 낸다	확실	영어식으로 읽으면 사이락시스
Tindi	틴디	2	핸들·조어	스페인어 음가	확실	
Tito	티토	2	스페인어	스페인어 애칭	확실	
Tonet	토네트	3	바스크·카탈루냐	카탈루냐 지소형(Antonet)	확실	
Tony	토니	2	영어권	영어 Tony 통용	확실	
Tralcs	트랄크스	4	핸들·조어	스페인어 음가	확실	
Vicente	비센테	3	스페인어	v=ㅂ, c+e=ㅅ	확실	
Victor	빅토르	3	스페인어	Víctor의 스페인어 음가	확실	
Vilches	빌체스	3	스페인어	ch=ㅊ, 스페인어 성	확실	
Ville	빌	1	핸들·조어	핀란드 남자 이름 Ville(Vilhelm 애칭). 프랑스어 ville은 사람 이름이 아니라 '도시'라는 보통명사라 프랑스 우선 규칙을 걸 대상이 없다	갈림	유지자 판정 2026-08-17: 빌. 프랑스식 규칙을 그대로 적용하면 빌(다만 한국어 빌은 Bill로 읽힌다). 스페인어식이면 비예
Willy	윌리	2	영어권	영어 Willy 통용	확실	
Xareu	샤레우	3	바스크·카탈루냐	갈리시아어 x=ㅅ+반모음	확실	
Yibiri	이비리	3	핸들·조어	스페인어 y+i=이	갈림	후보 지비리
Yuki	유키	2	핸들·조어	일본 이름 유키의 국내 통용	확실	
Zebal	세발	2	핸들·조어	스페인어 z=ㅅ	확실	한국어 '세발'과 동음이나 규칙대로 음역
Becuille	베퀼레	3	신화·전설	아일랜드 신화의 여성 드루이드 Bé Chuille. 같은 묶음 선례 Bodhmall→보그말·Tlachtga→틀라흐트가·Kiamhe→키아베	확실	수정 / 유지자 판정 2026-08-17, 2026-08-01 판정 뒤집음 — 기존 「베 힐러」(14-trainer-names.jsonl:304) 교체
